{
  "label" : "Country",
  "options" : {
    "CA" : {
      "label" : "Nega Canada",
      "thoroughfare" : {
        "label" : "Address 1"
      },
      "premise" : {
        "label" : "Address 2"
      },
      "locality" : {
        "localityname" : {
          "label" : "City"
        },
        "administrativearea" : {
          "label" : "Province",
          "options" : {
            "AB" : "Alberta",
            "BC" : "British Columbia",
            "MB" : "Manitoba",
            "NB" : "New Brunswick",
            "NL" : "Newfoundland",
            "NT" : "Northwest Territories",
            "NS" : "Nova Scotia",
            "NU" : "Nunavut",
            "ON" : "Ontario",
            "PE" : "Prince Edward Island",
            "QC" : "Quebec",
            "SK" : "Saskatchewan",
            "YT" : "Yukon Territory"
          }
        },
        "postalcode" : {
          "label" : "Postal code"
        }
      }
    },
    "US" : {
      "label" : "United States",
      "thoroughfare" : {
        "label" : "Address 1"
      },
      "premise" : {
        "label" : "Address 2"
      },
      "locality" : {
        "localityname" : {
          "label" : "City"
        },
        "administrativearea" : {
          "label" : "State",
          "options" : {
            "AL" : "Alabama",
            "AK" : "Alaska",
            "AZ" : "Arizona",
            "AR" : "Arkansas",
            "CA" : "California",
            "CO" : "Colorado",
            "CT" : "Connecticut",
            "DE" : "Delaware",
            "DC" : "District Of Columbia",
            "FL" : "Florida",
            "GA" : "Georgia",
            "HI" : "Hawaii",
            "ID" : "Idaho",
            "IL" : "Illinois",
            "IN" : "Indiana",
            "IA" : "Iowa",
            "KS" : "Kansas",
            "KY" : "Kentucky",
            "LA" : "Louisiana",
            "ME" : "Maine",
            "MD" : "Maryland",
            "MA" : "Massachusetts",
            "MI" : "Michigan",
            "MN" : "Minnesota",
            "MS" : "Mississippi",
            "MO" : "Missouri",
            "MT" : "Montana",
            "NE" : "Nebraska",
            "NV" : "Nevada",
            "NH" : "New Hampshire",
            "NJ" : "New Jersey",
            "NM" : "New Mexico",
            "NY" : "New York",
            "NC" : "North Carolina",
            "ND" : "North Dakota",
            "OH" : "Ohio",
            "OK" : "Oklahoma",
            "OR" : "Oregon",
            "PA" : "Pennsylvania",
            "RI" : "Rhode Island",
            "SC" : "South Carolina",
            "SD" : "South Dakota",
            "TN" : "Tennessee",
            "TX" : "Texas",
            "UT" : "Utah",
            "VT" : "Vermont",
            "VA" : "Virginia",
            "WA" : "Washington",
            "WV" : "West Virginia",
            "WI" : "Wisconsin",
            "WY" : "Wyoming",
            " " : "--",
            "AS" : "American Samoa",
            "FM" : "Federated States of Micronesia",
            "GU" : "Guam",
            "MH" : "Marshall Islands",
            "MP" : "Northern Mariana Islands",
            "PW" : "Palau",
            "PR" : "Puerto Rico",
            "VI" : "Virgin Islands"
          }
        },
        "postalcode" : {
          "label" : "ZIP code"
        }
      }
    }
  }
}
